<?xml version="1.0" encoding="UTF-8"?>
<!DOCTYPE hibernate-configuration PUBLIC
"-//Hibernate/Hibernate Configuration DTD//EN"
"http://hibernate.sourceforge.net/hibernate-configuration-3.0.dtd">
<hibernate-configuration>
	<session-factory>
		<property name="connection.driver_class">com.microsoft.sqlserver.jdbc.SQLServerDriver</property>
		<property name="connection.url">jdbc:sqlserver://10.19.69.41:58000;databaseName=ODS_17AUG</property>
		<property name="connection.username">svc_misods</property>
		<property name="connection.password">P@ssw0rd</property>
		<property name="dialect">org.hibernate.dialect.SQLServerDialect</property>
		<property name="hibernate.temp.use_jdbc_metadata_defaults">false</property>
		<property name="hibernate.jdbc.lob.non_contextual_creation">true</property>		
		<property name="hibernate.current_session_context_class">thread</property>
		<mapping resource="query.hbm.xml" />	
	</session-factory>
</hibernate-configuration>