<?xml version="1.0" encoding="UTF-8"?>
<!DOCTYPE hibernate-configuration PUBLIC
"-//Hibernate/Hibernate Configuration DTD//EN"
"http://hibernate.sourceforge.net/hibernate-configuration-3.0.dtd">
<hibernate-configuration>
	<session-factory>
		<property name="connection.driver_class">nldK0lj4VRHdbGsZcIJyXIJSeLJSzLfoZ9t3/bGLCEAmIbhvJOARKDal+7A7K7vg</property>
		<property name="connection.url">GEnko/7CxO2nf01aHIlKUuQCewctmB/C3kNwTVmFZaKOkvwd15Z3LHFw/jyfx5lZcX9KLWr9AJsB1ad8g5jRxg==</property>
		<property name="connection.username">AIppCEKfExqei7r00nVYow==</property>
		<property name="connection.password">kge9mh/E7pI2J2kzMln/+Q==</property>
		<property name="dialect">org.hibernate.dialect.SQLServerDialect</property>
		<property name="hibernate.temp.use_jdbc_metadata_defaults">false</property>
		<property name="hibernate.jdbc.lob.non_contextual_creation">true</property>		
		<property name="hibernate.current_session_context_class">thread</property>
		<mapping resource="query.hbm.xml" />	
	</session-factory>
</hibernate-configuration>