<?xml version="1.0"?>
<!DOCTYPE hibernate-mapping PUBLIC "-//Hibernate/Hibernate Mapping DTD 3.0//EN"
"http://hibernate.sourceforge.net/hibernate-mapping-3.0.dtd">
<hibernate-mapping>
	<class name = "vn.com.fwd.printTool.entity.User" table = "print_tool_user">
      <meta attribute = "class-description">
         This class contains user detail. 
      </meta>
      <id name = "userName" column = "username" type="string"/>
      <property name = "passWord" column = "password" type = "string"/>
   </class>
   
   <class name = "vn.com.fwd.printTool.entity.PolicyType" table = "print_tool_configsql">
      <meta attribute = "class-description">
         This class contains user detail. 
      </meta>
      <id name = "policyType" column = "policy_type" type="string"/>
      <property name = "sql" column = "sql" type = "string"/>
   </class>
   
   <class name = "vn.com.fwd.printTool.entity.PrintToolConfiguration" table = "print_tool_configuration">
      <meta attribute = "class-description">
         This class contains user detail. 
      </meta>
      <id name = "name" column = "name" type="string"/>
      <property name = "value" column = "value" type = "string"/>
   </class>
   
   <sql-query name="getAllUser">				
    	<![CDATA[						  
 			SELECT username, password from print_tool_user
      	]]>
      <return-scalar column="username" type="java.lang.String" />
      <return-scalar column="password" type="java.lang.String" />
   	</sql-query>
</hibernate-mapping>